# Sunshine Gardens

https://www.sunshinegardens.com.au /sunshine-gardens/ 200!
https://www.sunshinegardens.com.au/ /sunshine-gardens/ 200!
https://www.sunshinegardens.com.au/index.html /sunshine-gardens/ 200!
# https://www.sunshinegardens.com.au/* /:splat 200
# https://www.sunshinegardens.com.au/* https://www.sunshinebutterflies.com.au/:splat 301
/sunshine-gardens/ https://www.sunshinegardens.com.au/ 301!


# Walk in Wings

https://www.walkinwings.com.au /walkinwings/ 200!
https://www.walkinwings.com.au/ /walkinwings/ 200!
https://www.walkinwings.com.au/index.html /walkinwings/ 200!
https://www.walkinwings.com.au/sponsors/* /walkinwings/sponsors/:splat 200!
# https://www.walkinwings.com.au/ https://www.walkinwings.com.au/:splat 301
/walkinwings/ https://www.walkinwings.com.au/ 301!

# Sunshine Butterflies

/_assets/img/logo-colour.png	/	301
/_literature_176176/Feedback_form	/	301
/_literature_176663/Carer_Statement_Example.mp3	/	301
/_literature_176668/Carer_Statement_Example_2.mp3	/	301
/_literature_194705/Sunshine_Butterflies_DL_Brochure	/	301
/allability-training	/	301
/allability/downloads/anaphylaxis.pdf	/	301
/allability/downloads/burn_victims.pdf	/	301
/allability/downloads/calling_000.pdf	/	301
/allability/downloads/chest_pain_guide.pdf	/	301
/allability/downloads/childhood_illness.pdf	/	301
/allability/downloads/choking.pdf	/	301
/allability/downloads/control_infection.pdf	/	301
/allability/downloads/cpr.pdf	/	301
/allability/downloads/crash_scene.pdf	/	301
/allability/downloads/face_an_emergency.pdf	/	301
/allability/downloads/meningitis.pdf	/	301
/allability/downloads/overdose_guide.pdf	/	301
/allability/downloads/treat_diabetes.pdf	/	301
/allability/downloads/treat_poisoning.pdf	/	301
/Ambassadors	/about-us/ambassadors-and-patron/	301
/become-a-member	/become-a-member/	301
/butterfly-appeal	/blog/help-us-grow/	301
/careers	/about-us/careers/	301
/CatalystScripts/ValidationFunctions.js?vs=b89.r513012-phase1	/	301
/contact	/contact/	301
/contact-us	/contact/	301
/disability-info	/disability-information/	301
/disability-info-guide	/disability-information/	301
/disability-info/all/acquired-brain-injury	/disability-information/cerebral-palsy-copy/	301
/disability-info/all/angelman-syndrome	/disability-information/angelman-syndrome/	301
/disability-info/all/down-syndrome	/disability-information/down-syndrome/	301
/donate-now	/support/donations/	301
/downloads	/	301
/events	/functions-events/picnic-in-the-paddock/	301
/fundraisers	/support/	301
/fundraising-and-events	/support/	301
/how-you-can-help	/support/	301
/Images/SPONSORS/Westpac	/	301
/initiatives	/	301
/integrated-pandanus-management	/	301
/LiteratureRetrieve.aspx?ID=179008	/	301
/LiteratureRetrieve.aspx?ID=208107	/	301
/mailto:frankijulesmoura@gmail.com	/	301
/make-a-donation	/	301
/meet-the-team	/	301
/menu-main/how-you-can-help	/support/	301
# /menu-main/sunshine-gardens	sunshinegardens.com.au	301
/menu-main/what-we-do	/about-us/	301
/menu-main/who-we-are	/about-us/	301
/ndis	/	301
/OrderRetrievev2.aspx?CatalogueID=303730	/	301
/OrderRetrievev2.aspx?CatalogueID=303730&clear=true	/	301
/our-backyard	/about-us/about-our-backyard/	301
/past-events	/functions-events/picnic-in-the-paddock/	301
/personal-fundraising	/support/sponsor-a-member/	301
/personal-fundraising-locations/Brisbane	/support/sponsor-a-member/	301
/personal-fundraising-locations/elwood-victoria	/support/sponsor-a-member/	301
/personal-fundraising-locations/gold-coast	/support/sponsor-a-member/	301
/personal-fundraising-locations/goodna	/support/sponsor-a-member/	301
/personal-fundraising-locations/ingleside	/support/sponsor-a-member/	301
/personal-fundraising-locations/Jimboomba	/support/sponsor-a-member/	301
/personal-fundraising-locations/kelso	/support/sponsor-a-member/	301
/personal-fundraising-locations/sunshine-coast	/support/sponsor-a-member/	301
/personal-fundraising-locations/Sydney	/support/sponsor-a-member/	301
/personal-fundraising-locations/Toowoomba	/support/sponsor-a-member/	301
/personal-fundraising-locations/Townsville	/support/sponsor-a-member/	301
/personal-fundraising-locations/Victoria	/support/sponsor-a-member/	301
/personal-fundraising-locations/werrington-nsw	/support/sponsor-a-member/	301
/personal-fundraising-locations/western-australia	/support/sponsor-a-member/	301
/personal-fundraising-members/	/support/sponsor-a-member/	301
/personal-fundraising-members/_assets/img/logo-colour.png	/support/sponsor-a-member/	301
/personal-fundraising-members/_literature_194705/Sunshine_Butterflies_DL_Brochure	/support/sponsor-a-member/	301
/personal-fundraising-members/abbey-anthony	/support/sponsor-a-member/abbey-anthony/	301
/personal-fundraising-members/abby-davis	/support/sponsor-a-member/abby-davis-1/	301
/personal-fundraising-members/avalon-chambers	/support/sponsor-a-member/avalon-chambers/	301
/personal-fundraising-members/beau-mclaughlin-catalano	/support/sponsor-a-member/beau-mclaughlin-catalano/	301
/personal-fundraising-members/bella-riehs	/support/sponsor-a-member/bella-riehs/	301
/personal-fundraising-members/charlie-grace-harris	/support/sponsor-a-member/charlie-grace-harris/	301
/personal-fundraising-members/contact	/	301
/personal-fundraising-members/cruz-goodwin	/support/sponsor-a-member/cruz-goodwin/	301
/personal-fundraising-members/dominic-anderson	/support/sponsor-a-member/dominic-anderson/	301
/personal-fundraising-members/donate-now	/support/sponsor-a-member/	301
/personal-fundraising-members/finlay-mair	/support/sponsor-a-member/finlay-mair/	301
/personal-fundraising-members/franki-jules-moura	/support/sponsor-a-member/franki-jules-moura/	301
/personal-fundraising-members/georgia-conn	/support/sponsor-a-member/georgia-conn/	301
/personal-fundraising-members/http://www.instagram.com/sunshinebutterflies	/	301
/personal-fundraising-members/https://www.facebook.com/sunshinebutterfliesqld/	/	301
/personal-fundraising-members/https://www.facebook.com/uniteforcharlie	/	301
/personal-fundraising-members/https://www.youtube.com/channel/UCLyh8k12_92yZI8WBEFjlGw	/	301
/personal-fundraising-members/https://youtu.be/JGL9hcSI_yM	/	301
/personal-fundraising-members/https://youtu.be/ZS8hney_Jaw	/	301
/personal-fundraising-members/jett-nixon	/support/sponsor-a-member/jett-nixon/	301
/personal-fundraising-members/jorge-welch	/support/sponsor-a-member/jorge-welch/	301
/personal-fundraising-members/joshua-mitchell	/support/sponsor-a-member/joshua-mitchell/	301
/personal-fundraising-members/jude-tregaskis	/support/sponsor-a-member/jude-tregaskis/	301
/personal-fundraising-members/kaleb	/support/sponsor-a-member/kaleb-macmillan/	301
/personal-fundraising-members/lara-dunn	/support/sponsor-a-member/lara-dunn/	301
/personal-fundraising-members/louie-hayward	/support/sponsor-a-member/louie-hayward/	301
/personal-fundraising-members/make-a-donation	https://www.sunshinebutterflies.com.au/support/donations/	301
/personal-fundraising-members/marayke-jonkers	/support/sponsor-a-member/marayke-jonkers/	301
/personal-fundraising-members/mckenzie-tamala	/support/sponsor-a-member/mckenzie-tamala/	301
/personal-fundraising-members/menu-main/how-you-can-help	/support/sponsor-a-member/	301
/personal-fundraising-members/menu-main/sunshine-gardens	/support/sponsor-a-member/	301
/personal-fundraising-members/menu-main/what-we-do	/support/sponsor-a-member/	301
/personal-fundraising-members/menu-main/who-we-are	/support/sponsor-a-member/	301
/personal-fundraising-members/nolan-rooms	/support/sponsor-a-member/	301
/personal-fundraising-members/our-backyard	/support/sponsor-a-member/	301
/personal-fundraising-members/personal-fundraising-locations/gold-coast	/support/sponsor-a-member/	301
/personal-fundraising-members/personal-fundraising-locations/Victoria	/support/sponsor-a-member/	301
/personal-fundraising-members/privacy	/support/sponsor-a-member/	301
/personal-fundraising-members/rachael	/support/sponsor-a-member/rachael-hensen/	301
/personal-fundraising-members/ruby-rolph	/support/sponsor-a-member/ruby-rolph/	301
/personal-fundraising-members/ryan-hughes	/support/sponsor-a-member/abby-davis/	301
/personal-fundraising-members/samuel	/support/sponsor-a-member/samuel-xerri/	301
/personal-fundraising-members/samuel-amiet	/support/sponsor-a-member/samuel-amiet/	301
/personal-fundraising-members/scarlett-whitmore	/support/sponsor-a-member/scarlett-whitmore/	301
/personal-fundraising-members/sunshine-butterflies	/support/sponsor-a-member/	301
/personal-fundraising-members/thomas-roach	/support/sponsor-a-member/thomas-roach/	301
/personal-fundraising-members/tom-goldsworthy	/support/sponsor-a-member/tom-goldsworthy/	301
/personal-fundraising-members/trudy-atkinson	/support/sponsor-a-member/trudy-atkinson/	301
/personal-fundraising-members/xander-williamson	/support/sponsor-a-member/xander-williamson/	301
/privacy	/	301
/programs-and-activities	/programs-activities/	301
/programs-and-activities-1/chippies-corner	/chippies-corner/	301
/programs-and-activities-1/commando-campers	/programs-activities/commando-campers/	301
/programs-and-activities-1/community-connect	/programs-activities/	301
/programs-and-activities-1/farmability	/programs-activities/farmability/	301
/programs-and-activities-1/fitability	/programs-activities/	301
/programs-and-activities-1/hang-out	/programs-activities/	301
/programs-and-activities-1/have-a-chat-support-group	/programs-activities/	301
/programs-and-activities-1/independent-living-training	/services/independent-living/	301
/programs-and-activities-1/kiss-my-art	/programs-activities/kiss-my-art/	301
/programs-and-activities-1/our-kitchen	/programs-activities/	301
/programs-and-activities-1/personal-training-and-holistic-fitness	/programs-activities/	301
/programs-and-activities-1/rockability	/programs-activities/rockability/	301
/programs-and-activities-1/social-sibs-club	/programs-activities/social-sibs/	301
/programs-and-activities-1/soul-projection	/programs-activities/	301
/programs-and-activities-2/disability-education-and-awareness-programs	/services/	301
/programs-and-activities-2/early-intervention	/services/	301
/programs-and-activities-2/family-care-and-support	/services/	301
/programs-and-activities-2/holiday-programs	/programs-activities/social-sibs/	301
/programs-and-activities-2/post-school-programs	/programs-activities/social-sibs/	301
/programs-and-activities-2/social-clubs	/programs-activities/social-butterflies/	301
/programs-and-activities-2/social-enterprise	/programs-activities/social-saturdays/	301
/programs-and-activities-2/sport-and-recreation-club	/programs-activities/	301
/resources/animal-assisted-therapy-programs	/therapeutic-services/animal-assisted-therapy/	301
/resources/cooking-therapy-for-valuable-skills-development	/programs-activities/	301
/resources/crafty-minds-take-control-over-disabilites	/programs-activities/	301
/resources/get-started-vouchers	/programs-activities/	301
/resources/mainting-fitness-with-a-disability	/programs-activities/	301
/resources/outdoor-play-promotes-well-being	/programs-activities/	301
/resources/transitioning-into-school	/programs-activities/	301
/sponsor-an-animal	/support/sponsor-an-animal/	301
/sponsor-an-animal/animals/budgies	/support/sponsor-an-animal/budgies/	301
/sponsor-an-animal/animals/donkey-jimmy-james	/support/sponsor-an-animal/miniature-donkey/	301
/sponsor-an-animal/animals/ducks	/support/sponsor-an-animal/sponsor-our-ducks/	301
/sponsor-an-animal/animals/frankie	/support/sponsor-an-animal/sponsor-our-dogs/	301
/sponsor-an-animal/animals/goats	/support/sponsor-an-animal/sponsor-our-goats/	301
/sponsor-an-animal/animals/henny-penny	/support/sponsor-an-animal/sponsor-our-chickens/	301
/sponsor-an-animal/animals/horses	/support/sponsor-an-animal/sponsor-our-miniature-horses/	301
/sponsor-an-animal/animals/scarlett	/support/sponsor-an-animal/	301
/sponsor-an-animal/animals/shorn	/support/sponsor-an-animal/sponsor-our-sheep/	301
/sponsorship	/support/	301
/support-and-services	/services/	301
/volunteer	/services/	301
/watch-our-video	/	301
/what-we-do	/about-us/	301
/who-we-are	/about-us/	301

/* /404.html 404